-- Seed de CONTEÚDO gerado por scripts/gen-seed-sql.ts — não editar à mão.

-- Executar depois de 0001_init.sql. Idempotente (on conflict do nothing).

begin;

insert into public.exercises (id, slug, nome, grupo_muscular, equipamento, nivel, articulacao_predominante, objetivo, restricoes, premium, resumo_pratico, angulo_articular, imagem, imagem_analise, ativacao, indice_eficiencia, fases, hotspots, blocos, conteudo, trust_level, tem_cena, ordem) values
  ('e1', 'leg-press-45', 'Leg press 45°', 'Membros inferiores', 'Máquina', 'Iniciante', 'Joelho e quadril', '["Hipertrofia","Força","Aprendizado técnico","Reabilitação/retorno"]'::jsonb, '[]'::jsonb, false, 'Alternativa guiada ao agachamento — em geral favorece aprendizado inicial e reduz demanda sobre a coluna lombar quando a execução respeita a amplitude confortável.', '95°', '/exercises/leg-press-45.webp', '/exercises/leg-press-45-analysis.webp', '[{"musculo":"Quadríceps","percentual":92,"papel":"primário"},{"musculo":"Glúteo máximo","percentual":76,"papel":"sinergista"},{"musculo":"Posteriores de coxa","percentual":58,"papel":"sinergista"},{"musculo":"Adutores","percentual":44,"papel":"estabilizador"}]'::jsonb, '{"score":82,"metrics":[{"nome":"Quadríceps","valor":92,"tipo":"positivo"},{"nome":"Glúteos","valor":76,"tipo":"positivo"},{"nome":"Estabilidade","valor":78,"tipo":"positivo"},{"nome":"Demanda de joelho","valor":72,"tipo":"positivo"},{"nome":"Demanda lombar","valor":34,"tipo":"cautela"},{"nome":"Complexidade técnica","valor":41,"tipo":"cautela"}]}'::jsonb, '[{"nome":"Excêntrica","descricao":"Descida controlada com quadris e joelhos flexionando em conjunto."},{"nome":"Transição","descricao":"Ponto mais baixo confortável, sem perder contato lombar com o encosto."},{"nome":"Concêntrica","descricao":"Empurra a plataforma sem travar (hiperestender) os joelhos no fim."}]'::jsonb, '[{"id":"h1","x":46,"y":58,"titulo":"Alinhamento do joelho","camadas":{"resumo":"O joelho tende a acompanhar a linha do pé, sem colapsar para dentro.","biomecanica":"Valgo dinâmico aumenta o estresse em estruturas mediais do joelho.","fisiologia":"Boa distribuição de força melhora o recrutamento do quadríceps e glúteo.","evidencia":"Observações práticas associam controle do valgo a menor desconforto relatado.","cuidados":"Ajuste a largura dos pés na plataforma se houver tendência ao colapso."}},{"id":"h2","x":30,"y":78,"titulo":"Contato lombar","camadas":{"resumo":"A lombar deve permanecer em contato com o encosto durante a descida.","biomecanica":"Perder o contato gera flexão lombar sob carga, elevando a demanda na coluna.","fisiologia":"Manter neutralidade reduz a sobrecarga passiva em estruturas posteriores.","evidencia":"Reduzir amplitude ao ponto de manter o contato tende a ser mais prudente.","cuidados":"Se a bacia ''enrola'', diminua a amplitude antes de aumentar a carga."}},{"id":"h3","x":66,"y":40,"titulo":"Trajetória de força","camadas":{"resumo":"A força se dirige ao longo do eixo da plataforma, distribuída nos dois pés.","biomecanica":"Empurrar mais com um lado cria assimetria de carga entre os membros.","fisiologia":"Distribuição simétrica favorece adaptação equilibrada de força.","evidencia":"Percepção de esforço equilibrada é um bom indicador prático.","cuidados":"Corrija assimetrias com cadência e amplitude antes de progredir carga."}}]'::jsonb, '{"quandoUsar":["Aprendizado inicial do padrão de agachamento com carga guiada.","Situações em que se busca reduzir a demanda sobre a coluna lombar.","Volumes maiores com menor custo técnico."],"quandoEvitar":["Objetivo específico de transferência para levantamento livre com barra.","Desconforto agudo em joelho ou quadril na amplitude escolhida."],"errosComuns":["Descer além do ponto em que a pelve começa a se retroverter.","Travar completamente os joelhos ao final da fase concêntrica.","Escolher amplitude única sem considerar a mobilidade individual."],"variacoes":["Leg press horizontal — perfil de carga diferente.","Leg press unilateral — corrige assimetrias.","Leg press com pés altos — desloca ênfase para glúteos e posteriores."]}'::jsonb, '{"visaoGeral":"O leg press 45° é frequentemente utilizado como porta de entrada ao trabalho de membros inferiores, oferecendo um padrão guiado que tende a facilitar o aprendizado da mecânica do agachamento.","biomecanica":"A máquina fixa a trajetória, o que reduz a exigência de estabilização de tronco e tende a diminuir a demanda sobre a coluna lombar em comparação ao agachamento livre.","fisiologia":"Com boa amplitude e cadência, o exercício permite acumular volume de quadríceps e glúteos com menor custo técnico e coordenativo.","prescricaoPratica":"Em geral, comece pela amplitude confortável que mantém o contato lombar, priorize a cadência excêntrica e progrida carga apenas quando a execução estiver consistente."}'::jsonb, 'tendência prática', true, 0),
  ('e2', 'agachamento-livre', 'Agachamento livre', 'Membros inferiores', 'Barra', 'Avançado', 'Quadril, joelho e tornozelo', '["Força","Hipertrofia","Aprendizado técnico"]'::jsonb, '["Requer mobilidade de tornozelo e quadril"]'::jsonb, true, 'Padrão global multiarticular — em geral favorece força integrada e coordenação, exigindo mais controle técnico e mobilidade que variações guiadas.', '115°', '/exercises/agachamento-livre.webp', '/exercises/agachamento-livre-analysis.webp', '[{"musculo":"Quadríceps","percentual":88,"papel":"primário"},{"musculo":"Glúteo máximo","percentual":82,"papel":"primário"},{"musculo":"Eretores da espinha","percentual":70,"papel":"estabilizador"},{"musculo":"Posteriores de coxa","percentual":60,"papel":"sinergista"}]'::jsonb, '{"score":88,"metrics":[{"nome":"Quadríceps","valor":88,"tipo":"positivo"},{"nome":"Glúteos","valor":82,"tipo":"positivo"},{"nome":"Padrão funcional","valor":90,"tipo":"positivo"},{"nome":"Demanda lombar","valor":62,"tipo":"cautela"},{"nome":"Complexidade técnica","valor":74,"tipo":"cautela"},{"nome":"Requisito de mobilidade","valor":68,"tipo":"cautela"}]}'::jsonb, '[{"nome":"Excêntrica","descricao":"Descida com quadril e joelhos flexionando de forma coordenada."},{"nome":"Buraco","descricao":"Ponto mais baixo com tronco firme e coluna em posição neutra."},{"nome":"Concêntrica","descricao":"Subida conduzida por quadril e joelhos ao mesmo tempo."}]'::jsonb, '[{"id":"h1","x":40,"y":40,"titulo":"Inclinação de tronco","camadas":{"resumo":"Certa inclinação do tronco é natural e varia com as proporções do indivíduo.","biomecanica":"A inclinação equilibra os momentos no quadril e no joelho.","fisiologia":"Ajusta a divisão de trabalho entre quadríceps e cadeia posterior.","evidencia":"Não existe um ângulo único ideal — depende da antropometria.","cuidados":"Evite flexão lombar acentuada sob carga elevada."}},{"id":"h2","x":55,"y":60,"titulo":"Trajetória do joelho","camadas":{"resumo":"Os joelhos avançam sobre os pés, acompanhando a direção deles.","biomecanica":"Restringir excessivamente o avanço pode aumentar a flexão de tronco.","fisiologia":"O avanço adequado distribui a demanda entre joelho e quadril.","evidencia":"Mobilidade de tornozelo influencia diretamente esse padrão.","cuidados":"Não force amplitude à custa de perder a posição neutra da coluna."}}]'::jsonb, '{"quandoUsar":["Desenvolvimento de força integrada e padrão funcional.","Quando há mobilidade suficiente de tornozelo, quadril e coluna torácica.","Programas com foco em transferência para tarefas do dia a dia e esporte."],"quandoEvitar":["Dor lombar aguda ou episódios recentes.","Restrição significativa de mobilidade que force compensações desconfortáveis."],"errosComuns":["Flexão lombar acentuada no ponto mais baixo sob carga elevada.","Descolamento dos calcanhares por falta de mobilidade de tornozelo.","Escolher amplitude e carga incompatíveis com o nível técnico."],"variacoes":["Front squat — enfatiza tronco vertical e quadríceps.","Box squat — controla amplitude e pausa.","Goblet squat — versão didática com halter à frente."]}'::jsonb, '{"visaoGeral":"O agachamento livre é um padrão global multiarticular amplamente utilizado para desenvolvimento de força e hipertrofia de membros inferiores.","biomecanica":"Por não ter trajetória guiada, exige estabilização ativa de tronco e coordenação entre quadril, joelho e tornozelo — o que aumenta a demanda técnica.","fisiologia":"O alto envolvimento de grandes grupos e da musculatura estabilizadora tende a favorecer respostas de força e transferência funcional.","prescricaoPratica":"Em geral, priorize domínio técnico e amplitude controlada antes de progredir carga; adapte a variação à mobilidade e ao histórico do indivíduo."}'::jsonb, 'princípio biomecânico', true, 1),
  ('e3', 'supino-reto-barra', 'Supino reto com barra', 'Peitorais', 'Barra', 'Intermediário', 'Ombro e cotovelo', '["Força","Hipertrofia"]'::jsonb, '["Ombro sensível"]'::jsonb, true, 'Empurrar horizontal com barra — em geral favorece força de tronco superior, exigindo controle escapular e amplitude adaptada ao ombro.', '80°', '/exercises/supino-reto-barra.webp', '/exercises/supino-reto-barra-analysis.webp', '[{"musculo":"Peitoral maior","percentual":90,"papel":"primário"},{"musculo":"Tríceps","percentual":68,"papel":"sinergista"},{"musculo":"Deltoide anterior","percentual":62,"papel":"sinergista"},{"musculo":"Serrátil anterior","percentual":40,"papel":"estabilizador"}]'::jsonb, '{"score":80,"metrics":[{"nome":"Peitoral","valor":90,"tipo":"positivo"},{"nome":"Tríceps","valor":68,"tipo":"positivo"},{"nome":"Estabilidade escapular","valor":64,"tipo":"positivo"},{"nome":"Demanda de ombro","valor":66,"tipo":"cautela"},{"nome":"Complexidade técnica","valor":58,"tipo":"cautela"}]}'::jsonb, '[{"nome":"Excêntrica","descricao":"Descida da barra até o peito com cotovelos controlados."},{"nome":"Toque","descricao":"Leve pausa no peito sem quicar a barra."},{"nome":"Concêntrica","descricao":"Empurra a barra em trajetória levemente diagonal."}]'::jsonb, '[{"id":"h1","x":50,"y":45,"titulo":"Posição do ombro","camadas":{"resumo":"As escápulas permanecem retraídas e deprimidas (''encaixadas'').","biomecanica":"O encaixe escapular oferece base estável e protege a articulação.","fisiologia":"Melhora a transmissão de força do tronco para a barra.","evidencia":"Amplitude excessiva pode aumentar desconforto em ombros sensíveis.","cuidados":"Ajuste a amplitude e a abertura de cotovelos conforme a tolerância."}}]'::jsonb, '{"quandoUsar":["Desenvolvimento de força de empurrar horizontal.","Base para progressões de tronco superior."],"quandoEvitar":["Desconforto agudo de ombro na amplitude escolhida.","Ausência de controle escapular básico."],"errosComuns":["Abrir demais os cotovelos, elevando a demanda no ombro.","Perder a retração escapular ao empurrar.","Quicar a barra no peito para vencer a carga."],"variacoes":["Supino com halteres — maior liberdade articular.","Supino inclinado — ênfase na porção clavicular.","Supino fechado — mais tríceps."]}'::jsonb, '{"visaoGeral":"O supino reto com barra é um dos principais exercícios de empurrar horizontal para tronco superior.","biomecanica":"A barra impõe uma trajetória comum aos dois lados; o controle escapular define a estabilidade e a segurança do ombro.","fisiologia":"O alto envolvimento do peitoral e sinergistas favorece ganhos de força e hipertrofia da região.","prescricaoPratica":"Em geral, adapte amplitude e abertura de cotovelos ao ombro do indivíduo e priorize consistência antes de cargas máximas."}'::jsonb, 'tendência prática', true, 2),
  ('e4', 'cadeira-extensora', 'Cadeira extensora', 'Membros inferiores', 'Máquina', 'Iniciante', 'Joelho', '["Hipertrofia","Reabilitação/retorno","Resistência muscular"]'::jsonb, '[]'::jsonb, false, 'Isolamento de quadríceps guiado — em geral útil para volume localizado e para retorno progressivo com baixa demanda técnica.', null, '/exercises/cadeira-extensora.webp', '/exercises/cadeira-extensora-analysis.webp', '[{"musculo":"Quadríceps","percentual":94,"papel":"primário"},{"musculo":"Reto femoral","percentual":70,"papel":"sinergista"}]'::jsonb, '{"score":70,"metrics":[{"nome":"Quadríceps","valor":94,"tipo":"positivo"},{"nome":"Isolamento","valor":88,"tipo":"positivo"},{"nome":"Demanda de joelho","valor":58,"tipo":"cautela"},{"nome":"Demanda lombar","valor":12,"tipo":"positivo"},{"nome":"Complexidade técnica","valor":22,"tipo":"positivo"}]}'::jsonb, '[{"nome":"Concêntrica","descricao":"Estende o joelho até quase a extensão completa, sem travar."},{"nome":"Pico","descricao":"Breve contração no topo."},{"nome":"Excêntrica","descricao":"Retorno controlado sem deixar o peso ''cair''."}]'::jsonb, '[{"id":"h1","x":55,"y":55,"titulo":"Amplitude no joelho","camadas":{"resumo":"Trabalhe a amplitude confortável, evitando hiperextensão forçada.","biomecanica":"A extensão terminal aumenta a força na articulação femoropatelar.","fisiologia":"Amplitude adequada favorece tensão no quadríceps sem desconforto.","evidencia":"Em retorno, amplitudes parciais indolores tendem a ser bem toleradas.","cuidados":"Reduza amplitude se houver desconforto anterior no joelho."}}]'::jsonb, '{"quandoUsar":["Volume adicional de quadríceps com baixa exigência técnica.","Retorno progressivo com controle de carga."],"quandoEvitar":["Desconforto femoropatelar na amplitude final."],"errosComuns":["Usar impulso e soltar o peso na descida.","Buscar amplitude à custa de dor."],"variacoes":["Unilateral para assimetrias.","Ênfase excêntrica com cadência lenta."]}'::jsonb, '{"visaoGeral":"Exercício de isolamento do quadríceps em máquina, com trajetória guiada.","biomecanica":"Concentra o trabalho na extensão do joelho, com mínima demanda de tronco.","fisiologia":"Permite volume localizado de quadríceps com baixo custo coordenativo.","prescricaoPratica":"Em geral, ajuste amplitude ao conforto e controle a fase excêntrica."}'::jsonb, 'regra pedagógica', false, 3),
  ('e5', 'mesa-flexora', 'Mesa flexora', 'Membros inferiores', 'Máquina', 'Iniciante', 'Joelho', '["Hipertrofia","Resistência muscular"]'::jsonb, '[]'::jsonb, false, 'Isolamento de posteriores de coxa guiado — em geral complementa o trabalho de membros inferiores com baixa demanda lombar.', null, '/exercises/mesa-flexora.webp', '/exercises/mesa-flexora-analysis.webp', '[{"musculo":"Isquiotibiais","percentual":92,"papel":"primário"},{"musculo":"Panturrilha","percentual":40,"papel":"estabilizador"}]'::jsonb, '{"score":68,"metrics":[{"nome":"Posteriores","valor":92,"tipo":"positivo"},{"nome":"Isolamento","valor":86,"tipo":"positivo"},{"nome":"Demanda lombar","valor":18,"tipo":"positivo"},{"nome":"Complexidade técnica","valor":24,"tipo":"positivo"}]}'::jsonb, '[{"nome":"Concêntrica","descricao":"Flexiona o joelho trazendo o calcanhar em direção ao glúteo."},{"nome":"Pico","descricao":"Contração breve no ponto de maior flexão."},{"nome":"Excêntrica","descricao":"Retorno controlado à posição inicial."}]'::jsonb, '[{"id":"h1","x":55,"y":60,"titulo":"Estabilidade da pelve","camadas":{"resumo":"Mantenha o quadril apoiado, sem ''levantar'' para ajudar o movimento.","biomecanica":"Levantar a pelve transfere trabalho para a lombar.","fisiologia":"Estabilizar a pelve concentra o esforço nos isquiotibiais.","evidencia":"Cadência controlada melhora a percepção do músculo-alvo.","cuidados":"Reduza a carga se a pelve se descolar do apoio."}}]'::jsonb, '{"quandoUsar":["Volume de posteriores com baixa exigência técnica.","Equilíbrio entre anterior e posterior de coxa."],"quandoEvitar":["Desconforto na parte posterior do joelho na amplitude final."],"errosComuns":["Levantar a pelve para ajudar.","Retorno sem controle."],"variacoes":["Unilateral.","Ênfase excêntrica."]}'::jsonb, '{"visaoGeral":"Isolamento dos isquiotibiais em máquina.","biomecanica":"Trabalha a flexão do joelho com mínima demanda de tronco.","fisiologia":"Complementa o trabalho de quadríceps, ajudando o equilíbrio da coxa.","prescricaoPratica":"Em geral, controle a cadência e mantenha a pelve estável."}'::jsonb, 'regra pedagógica', false, 4),
  ('e6', 'levantamento-terra-romeno', 'Levantamento terra romeno (stiff)', 'Membros inferiores', 'Barra', 'Avançado', 'Quadril', '["Força","Hipertrofia"]'::jsonb, '["Dor lombar"]'::jsonb, true, 'Dobradiça de quadril com barra — em geral desenvolve cadeia posterior, exigindo controle lombar e boa dissociação quadril-coluna.', null, '/exercises/levantamento-terra-romeno.webp', '/exercises/levantamento-terra-romeno-analysis.webp', '[{"musculo":"Isquiotibiais","percentual":90,"papel":"primário"},{"musculo":"Glúteo máximo","percentual":80,"papel":"primário"},{"musculo":"Eretores da espinha","percentual":74,"papel":"estabilizador"}]'::jsonb, '{"score":82,"metrics":[{"nome":"Posteriores","valor":90,"tipo":"positivo"},{"nome":"Glúteos","valor":80,"tipo":"positivo"},{"nome":"Demanda lombar","valor":70,"tipo":"cautela"},{"nome":"Complexidade técnica","valor":76,"tipo":"cautela"},{"nome":"Requisito de mobilidade","valor":55,"tipo":"cautela"}]}'::jsonb, '[{"nome":"Excêntrica","descricao":"Empurra o quadril para trás mantendo a coluna neutra."},{"nome":"Alongamento","descricao":"Sente o estiramento dos posteriores sem arredondar a lombar."},{"nome":"Concêntrica","descricao":"Estende o quadril trazendo a barra de volta ao topo."}]'::jsonb, '[{"id":"h1","x":45,"y":50,"titulo":"Dobradiça de quadril","camadas":{"resumo":"O movimento vem do quadril indo para trás, não da flexão da lombar.","biomecanica":"A dissociação quadril-coluna reduz a carga passiva na lombar.","fisiologia":"Coloca os isquiotibiais em bom comprimento de trabalho.","evidencia":"Coluna neutra sob carga é um princípio amplamente adotado.","cuidados":"Interrompa a descida quando a lombar começar a arredondar."}}]'::jsonb, '{"quandoUsar":["Desenvolvimento da cadeia posterior.","Quem já domina a dobradiça de quadril."],"quandoEvitar":["Dor lombar aguda.","Sem controle da coluna neutra sob carga."],"errosComuns":["Arredondar a lombar ao descer.","Transformar em agachamento flexionando muito os joelhos."],"variacoes":["Com halteres.","Unilateral.","Déficit para maior amplitude (avançado)."]}'::jsonb, '{"visaoGeral":"Exercício de dobradiça de quadril focado em cadeia posterior.","biomecanica":"Exige dissociação entre quadril e coluna para manter a lombar protegida.","fisiologia":"Trabalha isquiotibiais e glúteos em amplitude alongada.","prescricaoPratica":"Em geral, domine o padrão com carga leve antes de progredir."}'::jsonb, 'cuidado de segurança', false, 5),
  ('e7', 'hip-thrust', 'Hip thrust (elevação pélvica)', 'Membros inferiores', 'Barra', 'Intermediário', 'Quadril', '["Hipertrofia","Força"]'::jsonb, '[]'::jsonb, false, 'Extensão de quadril com apoio — em geral maximiza tensão no glúteo com baixa demanda de mobilidade.', null, '/exercises/hip-thrust.webp', '/exercises/hip-thrust-analysis.webp', '[{"musculo":"Glúteo máximo","percentual":95,"papel":"primário"},{"musculo":"Isquiotibiais","percentual":62,"papel":"sinergista"},{"musculo":"Quadríceps","percentual":40,"papel":"estabilizador"}]'::jsonb, '{"score":80,"metrics":[{"nome":"Glúteos","valor":95,"tipo":"positivo"},{"nome":"Extensão de quadril","valor":90,"tipo":"positivo"},{"nome":"Demanda lombar","valor":42,"tipo":"cautela"},{"nome":"Complexidade técnica","valor":46,"tipo":"cautela"},{"nome":"Requisito de mobilidade","valor":25,"tipo":"positivo"}]}'::jsonb, '[{"nome":"Concêntrica","descricao":"Estende o quadril até o tronco ficar paralelo ao solo."},{"nome":"Topo","descricao":"Contrai o glúteo sem hiperestender a lombar."},{"nome":"Excêntrica","descricao":"Desce controlado sem apoiar totalmente o quadril."}]'::jsonb, '[{"id":"h1","x":50,"y":50,"titulo":"Posição no topo","camadas":{"resumo":"Termine com quadril estendido e costelas para baixo, sem ''jogar'' a lombar.","biomecanica":"Hiperestender a lombar transfere carga da região do glúteo para a coluna.","fisiologia":"O encaixe de tronco melhora a contração do glúteo no topo.","evidencia":"Queixo levemente para dentro ajuda a manter a posição.","cuidados":"Se sentir a lombar ''estalar'', reduza a amplitude no topo."}}]'::jsonb, '{"quandoUsar":["Ênfase em glúteo com baixa demanda de mobilidade.","Complemento a padrões de agachamento/dobradiça."],"quandoEvitar":["Hiperextensão lombar recorrente no topo."],"errosComuns":["Empurrar com a lombar em vez do quadril.","Amplitude curta demais no topo."],"variacoes":["Unilateral.","Com pausa isométrica.","Com faixa elástica nos joelhos."]}'::jsonb, '{"visaoGeral":"Exercício de extensão de quadril focado no glúteo máximo.","biomecanica":"O apoio das costas permite alta tensão no glúteo com pouca exigência de equilíbrio.","fisiologia":"Bom para volume de glúteo com baixa demanda coordenativa.","prescricaoPratica":"Em geral, priorize a posição neutra do tronco no topo."}'::jsonb, 'tendência prática', false, 6),
  ('e8', 'afundo-passada', 'Afundo (passada)', 'Membros inferiores', 'Halter', 'Intermediário', 'Quadril e joelho', '["Hipertrofia","Força","Aprendizado técnico"]'::jsonb, '["Dor no joelho"]'::jsonb, false, 'Padrão unilateral — em geral trabalha força e estabilidade de forma funcional, expondo assimetrias.', null, '/exercises/afundo-passada.webp', '/exercises/afundo-passada-analysis.webp', '[{"musculo":"Quadríceps","percentual":84,"papel":"primário"},{"musculo":"Glúteo máximo","percentual":78,"papel":"primário"},{"musculo":"Estabilizadores do quadril","percentual":60,"papel":"estabilizador"}]'::jsonb, '{"score":76,"metrics":[{"nome":"Quadríceps","valor":84,"tipo":"positivo"},{"nome":"Glúteos","valor":78,"tipo":"positivo"},{"nome":"Estabilidade unilateral","valor":80,"tipo":"positivo"},{"nome":"Demanda de joelho","valor":58,"tipo":"cautela"},{"nome":"Complexidade técnica","valor":62,"tipo":"cautela"}]}'::jsonb, '[{"nome":"Descida","descricao":"Flexiona os dois joelhos até a coxa da frente ficar próxima da paralela."},{"nome":"Base","descricao":"Ponto baixo com tronco estável e joelho alinhado ao pé."},{"nome":"Subida","descricao":"Empurra pelo calcanhar da frente para voltar."}]'::jsonb, '[{"id":"h1","x":50,"y":60,"titulo":"Controle do joelho","camadas":{"resumo":"O joelho da frente segue a linha do pé, sem colapsar para dentro.","biomecanica":"O valgo dinâmico aumenta o estresse medial do joelho.","fisiologia":"Bom controle recruta melhor glúteo e quadríceps.","evidencia":"Assimetrias entre lados tendem a aparecer neste padrão.","cuidados":"Ajuste a amplitude da passada ao conforto do joelho."}}]'::jsonb, '{"quandoUsar":["Trabalho unilateral e correção de assimetrias.","Transferência funcional para marcha e esporte."],"quandoEvitar":["Dor no joelho na amplitude escolhida.","Sem controle de equilíbrio básico."],"errosComuns":["Joelho colapsando para dentro.","Passada curta demais.","Tronco desabando à frente."],"variacoes":["Afundo estático.","Passada caminhando.","Búlgaro (pé traseiro elevado)."]}'::jsonb, '{"visaoGeral":"Padrão unilateral de membros inferiores com halteres.","biomecanica":"Exige estabilização do quadril e controle do joelho de apoio.","fisiologia":"Bom para força funcional e correção de desequilíbrios entre lados.","prescricaoPratica":"Em geral, comece estático e progrida para caminhada e cargas maiores."}'::jsonb, 'tendência prática', false, 7),
  ('e9', 'puxada-alta', 'Puxada alta (pulldown)', 'Costas', 'Polia', 'Iniciante', 'Ombro e cotovelo', '["Hipertrofia","Aprendizado técnico","Resistência muscular"]'::jsonb, '[]'::jsonb, false, 'Puxar vertical guiado — em geral porta de entrada para o trabalho de dorsais antes da barra fixa.', null, '/exercises/puxada-alta.webp', '/exercises/puxada-alta-analysis.webp', '[{"musculo":"Latíssimo do dorso","percentual":88,"papel":"primário"},{"musculo":"Bíceps","percentual":60,"papel":"sinergista"},{"musculo":"Romboides","percentual":55,"papel":"sinergista"}]'::jsonb, '{"score":74,"metrics":[{"nome":"Dorsais","valor":88,"tipo":"positivo"},{"nome":"Controle escapular","valor":70,"tipo":"positivo"},{"nome":"Demanda de ombro","valor":38,"tipo":"positivo"},{"nome":"Complexidade técnica","valor":34,"tipo":"positivo"}]}'::jsonb, '[{"nome":"Concêntrica","descricao":"Puxa a barra em direção ao peito iniciando pelas escápulas."},{"nome":"Contração","descricao":"Cotovelos apontando para baixo e escápulas deprimidas."},{"nome":"Excêntrica","descricao":"Retorno controlado com os braços quase estendidos."}]'::jsonb, '[{"id":"h1","x":50,"y":40,"titulo":"Início pela escápula","camadas":{"resumo":"O movimento começa deprimindo/retraindo as escápulas, não puxando com o braço.","biomecanica":"A ação escapular melhora o recrutamento dos dorsais.","fisiologia":"Reduz a dominância do bíceps na puxada.","evidencia":"Cadência controlada ajuda a sentir o músculo-alvo.","cuidados":"Evite jogar o tronco para trás para vencer a carga."}}]'::jsonb, '{"quandoUsar":["Aprendizado do padrão de puxar vertical.","Volume de dorsais com carga ajustável."],"quandoEvitar":["Desconforto de ombro em amplitude ampla."],"errosComuns":["Puxar só com os braços.","Balançar o tronco.","Puxar a barra atrás da nuca sem necessidade."],"variacoes":["Pegada supinada.","Pegada neutra.","Unilateral na polia."]}'::jsonb, '{"visaoGeral":"Exercício de puxar vertical em polia alta.","biomecanica":"A polia guia a trajetória, facilitando o aprendizado do controle escapular.","fisiologia":"Trabalha dorsais e sinergistas com carga graduável.","prescricaoPratica":"Em geral, inicie o movimento pelas escápulas e controle a volta."}'::jsonb, 'regra pedagógica', false, 8),
  ('e10', 'remada-baixa', 'Remada baixa', 'Costas', 'Polia', 'Intermediário', 'Ombro e cotovelo', '["Hipertrofia","Força"]'::jsonb, '["Dor lombar"]'::jsonb, true, 'Puxar horizontal sentado — em geral desenvolve espessura de costas, exigindo tronco estável.', null, '/exercises/remada-baixa.webp', '/exercises/remada-baixa-analysis.webp', '[{"musculo":"Dorsais e romboides","percentual":86,"papel":"primário"},{"musculo":"Trapézio médio","percentual":66,"papel":"sinergista"},{"musculo":"Bíceps","percentual":55,"papel":"sinergista"}]'::jsonb, '{"score":78,"metrics":[{"nome":"Costas (espessura)","valor":86,"tipo":"positivo"},{"nome":"Trapézio médio","valor":66,"tipo":"positivo"},{"nome":"Demanda lombar","valor":44,"tipo":"cautela"},{"nome":"Complexidade técnica","valor":40,"tipo":"cautela"}]}'::jsonb, '[{"nome":"Concêntrica","descricao":"Puxa o cabo em direção ao abdômen retraindo as escápulas."},{"nome":"Contração","descricao":"Cotovelos próximos ao tronco e escápulas juntas."},{"nome":"Excêntrica","descricao":"Retorna deixando as escápulas se afastarem sob controle."}]'::jsonb, '[{"id":"h1","x":50,"y":50,"titulo":"Tronco estável","camadas":{"resumo":"Mantenha o tronco firme, sem balançar para frente e para trás.","biomecanica":"Balançar transfere trabalho para a lombar e reduz o foco nas costas.","fisiologia":"Estabilizar o tronco concentra o esforço nos músculos-alvo.","evidencia":"Cadência controlada melhora a qualidade da contração.","cuidados":"Evite excesso de carga que force o balanço do tronco."}}]'::jsonb, '{"quandoUsar":["Espessura de costas.","Complemento ao padrão de puxar vertical."],"quandoEvitar":["Balançar o tronco por carga excessiva.","Dor lombar ao estabilizar."],"errosComuns":["Usar impulso de tronco.","Encolher os ombros.","Amplitude curta."],"variacoes":["Pegada aberta.","Barra reta.","Unilateral."]}'::jsonb, '{"visaoGeral":"Exercício de puxar horizontal sentado na polia.","biomecanica":"Exige estabilização de tronco para isolar as costas.","fisiologia":"Trabalha a espessura da região dorsal e o trapézio médio.","prescricaoPratica":"Em geral, mantenha o tronco estável e retraia as escápulas."}'::jsonb, 'tendência prática', false, 9),
  ('e11', 'desenvolvimento-ombros', 'Desenvolvimento de ombros', 'Ombros', 'Halter', 'Intermediário', 'Ombro', '["Hipertrofia","Força"]'::jsonb, '["Ombro sensível"]'::jsonb, false, 'Empurrar vertical — em geral desenvolve deltoides, exigindo controle escapular e amplitude tolerável ao ombro.', null, '/exercises/desenvolvimento-ombros.webp', '/exercises/desenvolvimento-ombros-analysis.webp', '[{"musculo":"Deltoide","percentual":88,"papel":"primário"},{"musculo":"Tríceps","percentual":60,"papel":"sinergista"},{"musculo":"Trapézio superior","percentual":45,"papel":"estabilizador"}]'::jsonb, '{"score":76,"metrics":[{"nome":"Deltoides","valor":88,"tipo":"positivo"},{"nome":"Tríceps","valor":60,"tipo":"positivo"},{"nome":"Demanda de ombro","valor":64,"tipo":"cautela"},{"nome":"Complexidade técnica","valor":52,"tipo":"cautela"}]}'::jsonb, '[{"nome":"Concêntrica","descricao":"Empurra os halteres acima da cabeça sem travar bruscamente."},{"nome":"Topo","descricao":"Braços quase estendidos, costelas para baixo."},{"nome":"Excêntrica","descricao":"Desce até a altura tolerável do ombro."}]'::jsonb, '[{"id":"h1","x":50,"y":45,"titulo":"Amplitude do ombro","camadas":{"resumo":"Desça até uma amplitude confortável, sem forçar o ombro sensível.","biomecanica":"Amplitude excessiva sob carga aumenta o estresse articular.","fisiologia":"Controle escapular protege a articulação durante o empurrar.","evidencia":"Ombros sensíveis costumam tolerar melhor amplitudes parciais.","cuidados":"Ajuste amplitude e carga conforme a resposta do ombro."}}]'::jsonb, '{"quandoUsar":["Desenvolvimento de deltoides.","Padrão de empurrar vertical."],"quandoEvitar":["Desconforto agudo de ombro.","Sem controle escapular básico."],"errosComuns":["Hiperestender a lombar para empurrar.","Amplitude excessiva desconfortável."],"variacoes":["Sentado com apoio.","Na máquina.","Arnold press."]}'::jsonb, '{"visaoGeral":"Exercício de empurrar vertical para os deltoides.","biomecanica":"Exige estabilização de tronco e controle escapular.","fisiologia":"Trabalha os deltoides com participação do tríceps.","prescricaoPratica":"Em geral, adapte a amplitude ao ombro e evite compensar com a lombar."}'::jsonb, 'cuidado de segurança', false, 10),
  ('e12', 'rosca-direta', 'Rosca direta', 'Braços', 'Halter', 'Iniciante', 'Cotovelo', '["Hipertrofia","Resistência muscular"]'::jsonb, '[]'::jsonb, false, 'Isolamento de bíceps — em geral usado para volume localizado com baixa demanda técnica.', null, '/exercises/rosca-direta.webp', '/exercises/rosca-direta-analysis.webp', '[{"musculo":"Bíceps braquial","percentual":90,"papel":"primário"},{"musculo":"Braquial","percentual":60,"papel":"sinergista"}]'::jsonb, '{"score":66,"metrics":[{"nome":"Bíceps","valor":90,"tipo":"positivo"},{"nome":"Isolamento","valor":82,"tipo":"positivo"},{"nome":"Demanda lombar","valor":14,"tipo":"positivo"},{"nome":"Complexidade técnica","valor":20,"tipo":"positivo"}]}'::jsonb, '[{"nome":"Concêntrica","descricao":"Flexiona o cotovelo elevando o halter sem balançar."},{"nome":"Pico","descricao":"Contração breve no topo."},{"nome":"Excêntrica","descricao":"Desce controlado até quase a extensão."}]'::jsonb, '[{"id":"h1","x":50,"y":55,"titulo":"Cotovelo fixo","camadas":{"resumo":"O cotovelo permanece junto ao tronco, sem ''jogar'' para frente.","biomecanica":"Mover o cotovelo transfere parte do trabalho para o ombro.","fisiologia":"Cotovelo estável isola melhor o bíceps.","evidencia":"Balançar o tronco reduz a tensão no músculo-alvo.","cuidados":"Reduza a carga se precisar balançar para levantar."}}]'::jsonb, '{"quandoUsar":["Volume de bíceps.","Baixa exigência técnica."],"quandoEvitar":["Necessidade de balançar o tronco por carga excessiva."],"errosComuns":["Balançar o corpo.","Mover o cotovelo para frente."],"variacoes":["Alternada.","Rosca martelo.","Na polia."]}'::jsonb, '{"visaoGeral":"Isolamento de bíceps com halteres.","biomecanica":"Concentra o trabalho na flexão do cotovelo.","fisiologia":"Permite volume localizado com baixo custo coordenativo.","prescricaoPratica":"Em geral, mantenha o cotovelo fixo e controle a descida."}'::jsonb, 'regra pedagógica', false, 11),
  ('e13', 'triceps-polia', 'Tríceps na polia', 'Braços', 'Polia', 'Iniciante', 'Cotovelo', '["Hipertrofia","Resistência muscular"]'::jsonb, '[]'::jsonb, false, 'Isolamento de tríceps guiado — em geral usado para volume com tensão constante da polia.', null, '/exercises/triceps-polia.webp', '/exercises/triceps-polia-analysis.webp', '[{"musculo":"Tríceps braquial","percentual":90,"papel":"primário"},{"musculo":"Ancôneo","percentual":45,"papel":"sinergista"}]'::jsonb, '{"score":66,"metrics":[{"nome":"Tríceps","valor":90,"tipo":"positivo"},{"nome":"Tensão constante","valor":80,"tipo":"positivo"},{"nome":"Demanda de ombro","valor":22,"tipo":"positivo"},{"nome":"Complexidade técnica","valor":22,"tipo":"positivo"}]}'::jsonb, '[{"nome":"Concêntrica","descricao":"Estende os cotovelos empurrando a barra para baixo."},{"nome":"Extensão","descricao":"Cotovelos quase estendidos, sem travar bruscamente."},{"nome":"Excêntrica","descricao":"Retorna controlado sem que os cotovelos abram."}]'::jsonb, '[{"id":"h1","x":50,"y":50,"titulo":"Cotovelos junto ao corpo","camadas":{"resumo":"Os cotovelos ficam junto ao tronco durante todo o movimento.","biomecanica":"Abrir os cotovelos recruta o peitoral e reduz o foco no tríceps.","fisiologia":"Cotovelos estáveis concentram a tensão no tríceps.","evidencia":"Cadência controlada melhora a percepção do músculo-alvo.","cuidados":"Evite usar o peso do corpo para empurrar."}}]'::jsonb, '{"quandoUsar":["Volume de tríceps com tensão constante.","Baixa exigência técnica."],"quandoEvitar":["Usar impulso do tronco por carga excessiva."],"errosComuns":["Abrir os cotovelos.","Curvar o corpo para empurrar."],"variacoes":["Corda.","Barra reta.","Unilateral."]}'::jsonb, '{"visaoGeral":"Isolamento de tríceps na polia alta.","biomecanica":"A polia mantém tensão ao longo da amplitude.","fisiologia":"Bom para volume de tríceps com baixo custo coordenativo.","prescricaoPratica":"Em geral, mantenha os cotovelos fixos e controle a volta."}'::jsonb, 'regra pedagógica', false, 12)
on conflict (id) do nothing;


insert into public.analysis_overlays (slug, angle, force) values
  ('leg-press-45', '{"x":68,"y":47,"value":"95°"}'::jsonb, '{"x1":64,"y1":42,"x2":78,"y2":24}'::jsonb),
  ('agachamento-livre', '{"x":67,"y":64,"value":"115°"}'::jsonb, '{"x1":52,"y1":58,"x2":52,"y2":40}'::jsonb),
  ('cadeira-extensora', '{"x":40,"y":51,"value":"150°"}'::jsonb, '{"x1":44,"y1":58,"x2":26,"y2":54}'::jsonb),
  ('mesa-flexora', '{"x":66,"y":44,"value":"45°"}'::jsonb, '{"x1":62,"y1":53,"x2":82,"y2":41}'::jsonb),
  ('levantamento-terra-romeno', '{"x":64,"y":30,"value":"110°"}'::jsonb, '{"x1":53,"y1":58,"x2":53,"y2":40}'::jsonb),
  ('hip-thrust', '{"x":28,"y":48,"value":"90°"}'::jsonb, '{"x1":46,"y1":52,"x2":46,"y2":36}'::jsonb),
  ('afundo-passada', '{"x":31,"y":60,"value":"90°"}'::jsonb, '{"x1":37,"y1":64,"x2":42,"y2":48}'::jsonb),
  ('supino-reto-barra', '{"x":60,"y":31,"value":"80°"}'::jsonb, '{"x1":60,"y1":45,"x2":57,"y2":29}'::jsonb),
  ('desenvolvimento-ombros', '{"x":58,"y":34,"value":"90°"}'::jsonb, '{"x1":63,"y1":33,"x2":66,"y2":12}'::jsonb),
  ('triceps-polia', '{"x":46,"y":40,"value":"90°"}'::jsonb, '{"x1":50,"y1":36,"x2":53,"y2":47}'::jsonb),
  ('puxada-alta', '{"x":85,"y":40,"value":"100°"}'::jsonb, '{"x1":64,"y1":44,"x2":61,"y2":61}'::jsonb),
  ('remada-baixa', '{"x":86,"y":40,"value":"90°"}'::jsonb, '{"x1":75,"y1":42,"x2":60,"y2":45}'::jsonb),
  ('rosca-direta', '{"x":56,"y":40,"value":"90°"}'::jsonb, '{"x1":60,"y1":38,"x2":64,"y2":27}'::jsonb)
on conflict (slug) do nothing;


insert into public.cases (id, slug, titulo, tema, dificuldade, premium, contexto, pergunta, opcoes, melhor_opcao_id, trust_level) values
  ('c1', 'caso-lombar-iniciante', 'Aluna iniciante com histórico de dor lombar', 'Coluna e core', 'Iniciante', false, 'Mariana, 34 anos, sedentária há 2 anos. Primeira semana de treino. Refere insegurança com barra livre. Sala equipada com máquinas, halteres e polias.', 'Qual escolha inicial para membros inferiores tende a ser mais prudente?', '[{"id":"a","texto":"Agachamento livre com barra desde a primeira sessão","correta":false,"analise":"O agachamento livre é tecnicamente exigente e impõe demanda relevante sobre a coluna; introduzi-lo já na primeira semana, com insegurança relatada, tende a ser precoce.","criterio":"Ignora a adequação ao nível técnico e o histórico de dor lombar.","lembrar":"Padrões complexos costumam render mais depois que a base de controle e confiança está construída."},{"id":"b","texto":"Leg press 45° com amplitude confortável e cadência controlada","correta":true,"analise":"O leg press guia a trajetória e, em geral, reduz a demanda lombar, permitindo aprender o padrão de agachar com menor custo técnico — coerente com o nível e o histórico dela.","criterio":"Considera nível iniciante, insegurança e histórico lombar.","lembrar":"Começar por uma variação guiada não é ''menos'' — é construir base para progredir com segurança."},{"id":"c","texto":"Stiff com barra para fortalecer a lombar rapidamente","correta":false,"analise":"O stiff exige boa dobradiça de quadril e controle de coluna sob carga; para uma iniciante com histórico lombar, tende a expor a região antes da hora.","criterio":"Ignora o pré-requisito técnico e o contexto de dor.","lembrar":"Fortalecer a cadeia posterior é útil, mas a escolha do exercício depende do preparo atual."}]'::jsonb, 'b', 'cuidado de segurança'),
  ('c2', 'caso-ombro-supino', 'Ombro sensível pedindo peito', 'Ombro', 'Intermediário', false, 'Diego, 41 anos, treina há 3 anos. Quer manter treino de peito. Já executa supino reto com barra há meses, mas relata desconforto pontual na descida.', 'Como ajustar o treino de peito respeitando o ombro?', '[{"id":"a","texto":"Manter o supino reto com barra e aumentar a carga para ''fortalecer'' o ombro","correta":false,"analise":"Aumentar carga sobre um desconforto existente tende a agravar o quadro; a barra também fixa a trajetória, limitando o ajuste fino da amplitude.","criterio":"Ignora o sinal de desconforto e a liberdade articular necessária.","lembrar":"Dor não é sinal para adicionar carga — é sinal para investigar e ajustar."},{"id":"b","texto":"Suspender qualquer exercício de peito por tempo indeterminado","correta":false,"analise":"Interromper tudo pode ser conservador demais quando há alternativas que respeitam a amplitude tolerável; nem sempre é necessário zerar o estímulo.","criterio":"Ignora que existe caminho intermediário entre ''forçar'' e ''parar''.","lembrar":"Adaptar costuma ser mais sustentável do que simplesmente remover."},{"id":"c","texto":"Trocar para supino com halteres e ajustar amplitude ao conforto do ombro","correta":true,"analise":"Os halteres dão liberdade articular e permitem regular a amplitude à tolerância do ombro, em geral mantendo o estímulo no peitoral com menor incômodo.","criterio":"Considera a liberdade de trajetória e a amplitude individual.","lembrar":"Quando a barra incomoda, variações com halteres costumam permitir treinar dentro do conforto."}]'::jsonb, 'c', 'tendência prática'),
  ('c3', 'caso-idoso-forca', 'Idoso ativo buscando força funcional', 'Idoso ativo', 'Iniciante', false, 'Sr. Antônio, 68 anos, sem doenças de base relevantes. Treina 2x por semana. Já tolera bem exercícios em máquina e quer ''ter mais firmeza'' no dia a dia.', 'Qual direção de prescrição tende a favorecer a funcionalidade?', '[{"id":"a","texto":"Somente exercícios isolados em máquina, sem padrões multiarticulares","correta":false,"analise":"Máquinas são úteis e seguras, mas restringir-se a isolados tende a limitar a transferência para tarefas do dia a dia, que envolvem padrões integrados.","criterio":"Ignora o objetivo de funcionalidade (transferência para a vida diária).","lembrar":"O objetivo do aluno orienta a seleção — funcionalidade pede padrões integrados."},{"id":"b","texto":"Introduzir padrões funcionais progressivos (ex.: sentar-levantar assistido, leg press) além de isolados","correta":true,"analise":"Combinar padrões multiarticulares progressivos com isolados, respeitando a boa tolerância dele, em geral favorece força aplicável ao cotidiano.","criterio":"Alinha meio (exercícios) ao fim (funcionalidade) e ao nível dele.","lembrar":"Progressão funcional pode e deve começar simples — o importante é a direção."},{"id":"c","texto":"Priorizar cargas máximas para ganhar força o mais rápido possível","correta":false,"analise":"Buscar cargas máximas de imediato tende a ser imprudente para um iniciante nesse contexto; a prioridade costuma ser padrão, controle e consistência.","criterio":"Ignora a progressão adequada e o perfil de risco.","lembrar":"Velocidade de progressão deve respeitar o preparo — pressa costuma custar caro."}]'::jsonb, 'b', 'regra pedagógica'),
  ('c4', 'caso-hipertrofia-costas', 'Hipertrofia de costas — puxada vs remada', 'Progressão de carga', 'Intermediário', true, 'Rafaela, 27 anos, intermediária. Já domina remada baixa e puxada alta. Treino de 60 min com máquinas, barra, halteres e polias. Quer costas mais completas.', 'Como estruturar o estímulo para costas mais completas?', '[{"id":"a","texto":"Fazer só puxadas verticais, pois ''costas é dorsal''","correta":false,"analise":"Puxadas verticais enfatizam a largura, mas negligenciar o puxar horizontal tende a deixar a espessura (região média) subestimulada.","criterio":"Ignora que direções diferentes de puxada estimulam regiões distintas.","lembrar":"Costas ''completas'' pedem tanto puxar vertical quanto horizontal."},{"id":"b","texto":"Repetir o mesmo exercício de sempre com muito mais carga","correta":false,"analise":"Só aumentar carga no mesmo padrão tende a ignorar o princípio da variação de estímulo e a lacuna de espessura que ela quer preencher.","criterio":"Ignora a especificidade do objetivo (regiões distintas das costas).","lembrar":"Mais carga nem sempre é mais resultado — a seleção do padrão importa."},{"id":"c","texto":"Combinar puxar vertical (largura) e puxar horizontal (espessura), progredindo carga com técnica","correta":true,"analise":"Cobrir as duas direções de puxada, com progressão de carga preservando a técnica, em geral estimula largura e espessura de forma mais completa.","criterio":"Alinha a seleção de exercícios à especificidade do objetivo.","lembrar":"Pense em direções de movimento, não apenas em ''mais um exercício de costas''."}]'::jsonb, 'c', 'princípio biomecânico'),
  ('c5', 'caso-retorno-joelho', 'Retorno pós-cirurgia de menisco', 'Retorno pós-lesão', 'Avançado', true, 'Camila, 30 anos, corredora amadora. Fisioterapia concluída. Médico liberou fortalecimento progressivo respeitando amplitude. Sem dor em atividades diárias.', 'Como conduzir o fortalecimento de forma prudente?', '[{"id":"a","texto":"Retomar direto agachamento profundo com carga alta, já que ''está liberada''","correta":false,"analise":"Liberação para fortalecimento progressivo não é sinônimo de carga máxima e amplitude total imediatas; pular etapas tende a ser arriscado no retorno.","criterio":"Ignora a progressão de amplitude e carga recomendada.","lembrar":"''Liberado'' define um ponto de partida, não um atalho para o pico."},{"id":"b","texto":"Iniciar com amplitudes indolores e progressão gradual (ex.: leg press/cadeira extensora controlados), monitorando resposta","correta":true,"analise":"Trabalhar dentro de amplitudes indolores, progredindo gradualmente e observando a resposta do joelho, em geral respeita a orientação médica e o estágio do retorno.","criterio":"Considera amplitude tolerável, progressão e monitoramento.","lembrar":"No retorno, a resposta do tecido guia a progressão — não o calendário nem o ego."},{"id":"c","texto":"Evitar qualquer exercício de perna por mais alguns meses por precaução","correta":false,"analise":"Com liberação médica e ausência de dor, evitar todo estímulo tende a ser conservador demais e pode atrasar a readaptação de força.","criterio":"Ignora que o estímulo progressivo faz parte do retorno.","lembrar":"Cautela excessiva também tem custo — o meio-termo progressivo costuma ser melhor."}]'::jsonb, 'b', 'cuidado de segurança'),
  ('c6', 'caso-core-lombar-atleta', 'Core para atleta com histórico lombar', 'Coluna e core', 'Avançado', true, 'Bruno, 29 anos, jogador de futebol amador. Já treina há anos; sala completa disponível; sem quadro agudo, mas relata episódios antigos de lombalgia sob fadiga.', 'Que abordagem de core tende a ser mais adequada ao contexto dele?', '[{"id":"a","texto":"Priorizar exercícios de estabilização e anti-movimento (ex.: prancha, anti-rotação), progredindo a demanda","correta":true,"analise":"Para um histórico de lombalgia sob fadiga, treinar a capacidade de resistir a movimento (estabilização/anti-rotação) em geral favorece o controle sob demanda esportiva.","criterio":"Considera o histórico lombar e a função do core no esporte.","lembrar":"Core costuma render mais como ''estabilizador'' do que como ''flexionador'' repetitivo."},{"id":"b","texto":"Grandes volumes de abdominal com flexão repetida de coluna","correta":false,"analise":"Volumes altos de flexão repetida de coluna tendem a não ser a melhor escolha para quem tem histórico de lombalgia, especialmente sob fadiga.","criterio":"Ignora o histórico e o tipo de demanda que o core cumpre no esporte.","lembrar":"Repetir flexão de coluna não é sinônimo de ''core forte''."},{"id":"c","texto":"Ignorar o core e focar apenas em força de membros","correta":false,"analise":"Negligenciar o core tende a deixar uma lacuna importante para quem depende de estabilidade sob fadiga em campo.","criterio":"Ignora a demanda específica do esporte e o histórico.","lembrar":"Lacunas de estabilidade costumam aparecer justamente quando a fadiga chega."}]'::jsonb, 'a', 'tendência prática')
on conflict (id) do nothing;


insert into public.tracks (id, slug, nome, descricao, nivel, lessons) values
  ('t1', 'fundamentos-da-prescricao', 'Fundamentos da prescrição', 'Como decidir e justificar antes de montar qualquer treino.', 'Iniciante', '[{"id":"l1","titulo":"O que é decidir na prescrição","tipo":"conceito","duracao":"4 min"},{"id":"l2","titulo":"Objetivo orienta a escolha","tipo":"conceito","duracao":"5 min"},{"id":"l3","titulo":"Ler a execução: Leg press 45°","tipo":"lab","ref":"leg-press-45","duracao":"6 min"},{"id":"l4","titulo":"Nível técnico e progressão","tipo":"conceito","duracao":"5 min"},{"id":"l5","titulo":"Restrições e cautela","tipo":"conceito","duracao":"5 min"},{"id":"l6","titulo":"Caso: iniciante com dor lombar","tipo":"caso","ref":"caso-lombar-iniciante","duracao":"7 min"},{"id":"l7","titulo":"Equipamento disponível na decisão","tipo":"conceito","duracao":"4 min"},{"id":"l8","titulo":"Fechando o raciocínio","tipo":"conceito","duracao":"5 min"}]'::jsonb),
  ('t2', 'membros-inferiores-em-profundidade', 'Membros inferiores em profundidade', 'Do leg press ao agachamento livre: quando escolher cada um.', 'Intermediário', '[{"id":"l1","titulo":"Mapa dos padrões de perna","tipo":"conceito","duracao":"5 min"},{"id":"l2","titulo":"Análise: Leg press 45°","tipo":"lab","ref":"leg-press-45","duracao":"6 min"},{"id":"l3","titulo":"Análise: Agachamento livre","tipo":"lab","ref":"agachamento-livre","duracao":"7 min"},{"id":"l4","titulo":"Dobradiça de quadril: Stiff","tipo":"lab","ref":"levantamento-terra-romeno","duracao":"6 min"},{"id":"l5","titulo":"Caso: força funcional no idoso","tipo":"caso","ref":"caso-idoso-forca","duracao":"6 min"},{"id":"l6","titulo":"Quando guiar, quando soltar","tipo":"conceito","duracao":"5 min"}]'::jsonb),
  ('t3', 'ombro-seguro', 'Ombro seguro e forte', 'Empurrar e puxar respeitando a articulação mais móvel do corpo.', 'Intermediário', '[{"id":"l1","titulo":"Por que o ombro é sensível","tipo":"conceito","duracao":"5 min"},{"id":"l2","titulo":"Análise: Supino reto com barra","tipo":"lab","ref":"supino-reto-barra","duracao":"6 min"},{"id":"l3","titulo":"Controle escapular","tipo":"conceito","duracao":"5 min"},{"id":"l4","titulo":"Análise: Desenvolvimento de ombros","tipo":"lab","ref":"desenvolvimento-ombros","duracao":"6 min"},{"id":"l5","titulo":"Caso: ombro sensível pedindo peito","tipo":"caso","ref":"caso-ombro-supino","duracao":"7 min"}]'::jsonb)
on conflict (id) do nothing;


insert into public.library_entries (id, termo, categoria, resumo, detalhe, ver_exercicio) values
  ('b1', 'Objetivo orienta a escolha', 'Princípios de decisão', 'A meta do aluno é o primeiro filtro de seleção do exercício.', 'Antes de escolher entre variações, defina o objetivo (hipertrofia, força, resistência, retorno, aprendizado). Ele orienta a direção do movimento, a faixa de esforço e o quanto a técnica pesa. Em geral, meio (exercício) deve servir ao fim (objetivo) — não o contrário.', null),
  ('b2', 'Adequação ao nível técnico', 'Princípios de decisão', 'O melhor exercício também é o que a pessoa consegue executar bem hoje.', 'Um padrão avançado mal executado tende a render menos e a expor mais do que uma variação simples bem feita. Ajuste a complexidade ao nível atual e progrida conforme o controle melhora.', null),
  ('b3', 'Equipamento na decisão', 'Princípios de decisão', 'A melhor recomendação precisa ser executável com o que há disponível.', 'De nada adianta a variação ''ideal'' se o equipamento não existe na sala. Considere o disponível e escolha a melhor opção viável — às vezes a segunda melhor executável supera a primeira inacessível.', null),
  ('b4', 'Dobradiça de quadril', 'Biomecânica', 'Movimento que vem do quadril indo para trás, com coluna neutra.', 'A dissociação entre quadril e coluna permite trabalhar a cadeia posterior reduzindo a carga passiva na lombar. É a base de exercícios como o levantamento terra romeno (stiff).', 'levantamento-terra-romeno'),
  ('b5', 'Valgo dinâmico do joelho', 'Biomecânica', 'Colapso do joelho para dentro sob carga.', 'Quando o joelho foge da linha do pé em direção medial, aumenta o estresse em estruturas mediais. Em geral, treinar o controle (joelho acompanhando o pé) tende a reduzir desconforto relatado.', 'afundo-passada'),
  ('b6', 'Controle escapular', 'Biomecânica', 'Estabilizar as escápulas dá base segura para empurrar e puxar.', 'Retração e depressão escapular (''encaixe'') criam uma base estável no supino e melhoram o recrutamento nas puxadas. É um pré-requisito de segurança para o ombro.', 'supino-reto-barra'),
  ('b7', 'Ativação vs. eficiência', 'Fisiologia', 'Recrutar muito um músculo não é o único critério de um bom exercício.', 'Alta ativação de um alvo é desejável, mas eficiência considera também demanda articular, complexidade e transferência. Um índice combina esses fatores para orientar a decisão.', null),
  ('b8', 'Tempo sob tensão', 'Fisiologia', 'A cadência influencia o estímulo, não só a carga.', 'Controlar a fase excêntrica aumenta o tempo sob tensão e, em geral, favorece o aprendizado técnico e o estímulo de hipertrofia com cargas mais conservadoras.', null),
  ('b9', 'Demanda lombar', 'Segurança', 'Quanto o exercício exige da coluna lombar sob carga.', 'Exercícios com alta demanda lombar pedem mais controle e podem não ser a primeira escolha em contextos de dor. Variações guiadas tendem a reduzir essa demanda.', 'leg-press-45'),
  ('b10', 'Amplitude indolor', 'Segurança', 'No retorno pós-lesão, a amplitude tolerável guia a progressão.', 'Trabalhar dentro de amplitudes sem dor, progredindo gradualmente e monitorando a resposta, em geral respeita o estágio do retorno. A resposta do tecido guia — não o calendário.', null),
  ('b11', 'Anti-movimento (core)', 'Biomecânica', 'Resistir ao movimento costuma treinar o core melhor que flexioná-lo.', 'Padrões de estabilização e anti-rotação treinam a função do core de resistir a forças — em geral mais transferível ao esporte do que grandes volumes de flexão repetida de coluna.', null),
  ('b12', 'Linguagem prudente', 'Glossário', '''Tende a'', ''em geral'', ''depende do contexto'' — por quê.', 'Respostas em ciências do exercício dependem do indivíduo e da execução. A linguagem prudente comunica tendência, não certeza absoluta, e reforça que o conteúdo é educacional — não substitui avaliação profissional individualizada.', null)
on conflict (id) do nothing;


commit;
